UTCDateTime,mac_address,firmware_ver,hardware,current_temp_f,current_humidity,current_dewpoint_f,pressure,adc,mem,rssi,uptime,pm1_0_cf_1,pm2_5_cf_1,pm10_0_cf_1,pm1_0_atm,pm2_5_atm,pm10_0_atm,pm2.5_aqi_cf_1,pm2.5_aqi_atm,p_0_3_um,p_0_5_um,p_1_0_um,p_2_5_um,p_5_0_um,p_10_0_um,pm1_0_cf_1_b,pm2_5_cf_1_b,pm10_0_cf_1_b,pm1_0_atm_b,pm2_5_atm_b,pm10_0_atm_b,pm2.5_aqi_cf_1_b,pm2.5_aqi_atm_b,p_0_3_um_b,p_0_5_um_b,p_1_0_um_b,p_2_5_um_b,p_5_0_um_b,p_10_0_um_b,gas
2023/08/25T17:50:35z,c4:5b:be:e3:90:e4,7.01,3.0+OPENLOG+31954 MB+RV3028+BME280+BME680+PMSX003-A+PMSX003-B,76,45,53,1010.30,nan,36568,0,100,12.84,19.04,22.22,12.84,19.04,22.22,66,66,2327.07,685.33,136.84,11.20,4.69,0.56,12.58,19.12,22.72,12.58,19.12,22.72,66,66,2253.07,664.88,147.72,9.95,4.93,0.74,nan
2023/08/25T17:52:34z,c4:5b:be:e3:90:e4,7.01,3.0+OPENLOG+31954 MB+RV3028+BME280+BME680+PMSX003-A+PMSX003-B,76,44,52,1010.18,0.05,36168,0,219,13.41,21.81,25.90,13.41,21.81,25.90,72,72,2397.83,713.98,161.41,18.84,6.29,0.43,13.49,21.42,24.00,13.49,21.42,24.00,71,71,2394.16,709.89,152.89,12.80,3.45,0.24,25.00
2023/08/25T17:54:34z,c4:5b:be:e3:90:e4,7.01,3.0+OPENLOG+31954 MB+RV3028+BME280+BME680+PMSX003-A+PMSX003-B,76,44,52,1010.13,0.05,36168,0,339,13.95,20.84,23.49,13.95,20.84,23.49,70,70,2417.42,719.72,154.09,12.37,4.61,0.49,14.02,20.85,23.19,14.02,20.85,23.19,70,70,2414.54,719.97,149.08,8.66,3.85,1.08,25.11
2023/08/25T17:56:34z,c4:5b:be:e3:90:e4,7.01,3.0+OPENLOG+31954 MB+RV3028+BME280+BME680+PMSX003-A+PMSX003-B,76,43,52,1009.91,0.05,36480,0,459,14.40,22.07,25.47,14.40,22.07,25.47,72,72,2527.58,749.54,155.89,13.79,5.93,0.65,13.73,19.62,22.13,13.73,19.62,22.13,67,67,2411.90,715.90,132.23,7.42,4.27,0.80,25.39
2023/08/25T17:58:34z,c4:5b:be:e3:90:e4,7.01,3.0+OPENLOG+31954 MB+RV3028+BME280+BME680+PMSX003-A+PMSX003-B,76,43,52,1009.62,0.05,36480,0,579,11.79,18.53,20.40,11.79,18.53,20.40,65,65,2146.68,634.46,138.12,9.63,3.30,0.09,11.05,16.44,18.44,11.05,16.44,18.44,60,60,1979.16,583.51,118.32,5.81,3.14,0.75,26.74
2023/08/25T18:00:34z,c4:5b:be:e3:90:e4,7.01,3.0+OPENLOG+31954 MB+RV3028+BME280+BME680+PMSX003-A+PMSX003-B,76,43,52,1009.24,0.05,36480,0,699,11.19,17.54,19.41,11.19,17.54,19.41,63,63,2011.63,602.90,126.76,10.15,2.51,1.25,11.23,15.66,17.11,11.23,15.66,17.11,59,59,1888.18,564.89,107.57,5.36,1.55,0.86,33.78
2023/08/25T18:02:34z,c4:5b:be:e3:90:e4,7.01,3.0+OPENLOG+31954 MB+RV3028+BME280+BME680+PMSX003-A+PMSX003-B,76,43,52,1008.91,0.05,36480,0,819,11.36,15.81,16.59,11.36,15.81,16.59,59,59,1906.81,561.34,108.86,5.10,1.12,0.55,9.90,14.19,14.69,9.90,14.19,14.69,56,56,1805.28,531.00,97.59,5.03,0.47,0.24,40.32
2023/08/25T18:04:34z,c4:5b:be:e3:90:e4,7.01,3.0+OPENLOG+31954 MB+RV3028+BME280+BME680+PMSX003-A+PMSX003-B,76,43,52,1008.97,0.05,36480,0,939,10.82,15.25,15.91,10.82,15.25,15.91,58,58,1862.58,555.04,108.12,5.30,0.74,0.00,9.43,14.33,14.78,9.43,14.33,14.78,56,56,1703.10,504.03,102.73,2.77,0.55,0.35,46.86
2023/08/25T18:06:34z,c4:5b:be:e3:90:e4,7.01,3.0+OPENLOG+31954 MB+RV3028+BME280+BME680+PMSX003-A+PMSX003-B,76,43,52,1009.39,0.05,36168,0,1059,10.14,15.76,16.98,10.14,15.76,16.98,59,59,1845.78,546.22,118.43,7.05,1.86,0.00,9.62,13.00,13.76,9.62,13.00,13.76,53,53,1645.86,486.62,86.14,2.76,1.07,0.34,51.52
2023/08/25T18:08:34z,c4:5b:be:e3:90:e4,7.01,3.0+OPENLOG+31954 MB+RV3028+BME280+BME680+PMSX003-A+PMSX003-B,76,43,52,1009.67,0.05,36480,0,1179,10.88,16.20,17.27,10.88,16.20,17.27,60,60,1861.37,552.56,120.76,6.03,1.61,0.37,10.61,15.00,15.74,10.61,15.00,15.74,57,57,1826.42,538.42,99.47,5.09,1.02,0.53,53.70
2023/08/25T18:10:14z,c4:5b:be:e3:90:e4,7.01,3.0+OPENLOG+31954 MB+RV3028+BME280+BME680+PMSX003-A+PMSX003-B,76,43,52,1009.79,nan,36568,0,99,10.04,16.22,18.24,10.04,16.22,18.24,60,60,1858.67,544.31,132.13,7.36,3.53,0.04,9.63,13.16,14.07,9.63,13.16,14.07,53,53,1753.95,521.49,85.12,4.56,1.19,0.91,nan
2023/08/25T18:12:14z,c4:5b:be:e3:90:e4,7.01,3.0+OPENLOG+31954 MB+RV3028+BME280+BME680+PMSX003-A+PMSX003-B,76,43,52,1009.71,0.05,36168,0,219,10.19,15.64,17.48,10.19,15.64,17.48,59,59,1840.03,551.50,116.79,8.93,2.91,0.33,9.75,13.86,14.72,9.75,13.86,14.72,55,55,1750.21,511.51,98.00,4.28,1.21,0.47,25.00
2023/08/25T18:14:13z,c4:5b:be:e3:90:e4,7.01,3.0+OPENLOG+31954 MB+RV3028+BME280+BME680+PMSX003-A+PMSX003-B,76,43,52,1009.52,0.05,36480,0,339,10.30,15.00,17.39,10.30,15.00,17.39,57,57,1837.53,547.61,114.63,9.37,3.67,0.72,9.12,13.83,14.81,9.12,13.83,14.81,55,55,1632.72,484.55,104.76,5.62,1.14,0.40,25.01
2023/08/25T18:16:13z,c4:5b:be:e3:90:e4,7.01,3.0+OPENLOG+31954 MB+RV3028+BME280+BME680+PMSX003-A+PMSX003-B,76,43,52,1009.36,0.05,36480,0,459,10.21,15.68,18.23,10.21,15.68,18.23,59,59,1853.05,551.18,128.26,10.39,4.79,0.37,10.10,14.00,14.53,10.10,14.00,14.53,55,55,1720.37,517.73,102.92,2.24,0.59,0.00,25.69
2023/08/25T18:18:13z,c4:5b:be:e3:90:e4,7.01,3.0+OPENLOG+31954 MB+RV3028+BME280+BME680+PMSX003-A+PMSX003-B,76,44,52,1009.20,0.05,36480,0,579,10.50,15.93,18.31,10.50,15.93,18.31,59,59,1908.31,562.79,118.57,11.57,3.97,0.57,10.02,15.00,15.81,10.02,15.00,15.81,57,57,1749.89,525.75,109.54,5.54,0.93,0.18,25.71
2023/08/25T18:20:13z,c4:5b:be:e3:90:e4,7.01,3.0+OPENLOG+31954 MB+RV3028+BME280+BME680+PMSX003-A+PMSX003-B,76,44,52,1009.10,0.05,36480,0,699,10.41,16.69,17.97,10.41,16.69,17.97,61,61,1882.42,555.58,125.93,7.36,2.37,0.24,9.29,14.04,16.00,9.29,14.04,16.00,55,55,1732.15,510.04,106.44,6.47,3.36,0.42,25.44
2023/08/25T18:22:13z,c4:5b:be:e3:90:e4,7.01,3.0+OPENLOG+31954 MB+RV3028+BME280+BME680+PMSX003-A+PMSX003-B,76,44,52,1009.08,0.05,36480,0,819,10.61,16.53,17.81,10.61,16.53,17.81,61,61,1872.00,561.37,111.79,7.37,1.84,0.00,9.71,14.93,15.93,9.71,14.93,15.93,57,57,1801.03,528.31,111.69,4.43,1.19,0.26,25.71
2023/08/25T18:24:13z,c4:5b:be:e3:90:e4,7.01,3.0+OPENLOG+31954 MB+RV3028+BME280+BME680+PMSX003-A+PMSX003-B,76,44,52,1009.00,0.05,36480,0,939,10.04,15.45,15.93,10.04,15.45,15.93,58,58,1826.57,538.66,117.59,4.80,1.04,0.04,9.36,14.02,14.64,9.36,14.02,14.64,55,55,1694.75,499.02,99.73,2.85,0.64,0.64,25.35
2023/08/25T18:26:13z,c4:5b:be:e3:90:e4,7.01,3.0+OPENLOG+31954 MB+RV3028+BME280+BME680+PMSX003-A+PMSX003-B,76,44,52,1008.96,0.05,36480,0,1059,10.70,17.00,19.02,10.70,17.00,19.02,62,62,1853.42,557.47,127.07,10.58,3.60,0.51,9.95,14.50,15.50,9.95,14.50,15.50,56,56,1747.45,517.14,100.02,3.00,1.21,0.81,25.53
2023/08/25T18:28:13z,c4:5b:be:e3:90:e4,7.01,3.0+OPENLOG+31954 MB+RV3028+BME280+BME680+PMSX003-A+PMSX003-B,76,44,53,1008.89,0.05,36480,0,1179,9.85,15.71,16.66,9.85,15.71,16.66,59,59,1766.75,526.07,113.53,6.83,1.92,0.17,9.85,14.91,16.85,9.85,14.91,16.85,57,57,1786.58,531.75,111.47,7.09,2.91,0.24,25.53
2023/08/25T18:29:53z,c4:5b:be:e3:90:e4,7.01,3.0+OPENLOG+31954 MB+RV3028+BME280+BME680+PMSX003-A+PMSX003-B,76,45,53,1008.88,nan,36568,0,99,10.34,15.45,18.41,10.34,15.45,18.41,58,58,1888.23,562.11,113.27,10.23,5.36,0.55,9.58,14.56,18.05,9.58,14.56,18.05,56,56,1742.09,520.56,105.91,9.02,5.58,1.51,nan
2023/08/25T18:31:53z,c4:5b:be:e3:90:e4,7.01,3.0+OPENLOG+31954 MB+RV3028+BME280+BME680+PMSX003-A+PMSX003-B,76,44,53,1008.83,0.05,36480,0,219,10.50,15.98,18.71,10.50,15.98,18.71,59,59,1852.97,550.91,117.34,8.02,4.53,0.50,9.93,14.05,14.93,9.93,14.05,14.93,55,55,1781.04,519.11,92.54,3.29,0.98,0.98,25.00
2023/08/25T18:33:53z,c4:5b:be:e3:90:e4,7.01,3.0+OPENLOG+31954 MB+RV3028+BME280+BME680+PMSX003-A+PMSX003-B,76,45,53,1008.75,0.05,36480,0,339,10.77,16.63,17.07,10.77,16.63,17.07,61,61,1970.32,569.54,129.16,4.74,0.74,0.18,10.00,15.33,16.36,10.00,15.33,16.36,58,58,1766.07,525.90,113.31,4.66,1.50,1.09,25.14
2023/08/25T18:35:53z,c4:5b:be:e3:90:e4,7.01,3.0+OPENLOG+31954 MB+RV3028+BME280+BME680+PMSX003-A+PMSX003-B,76,45,53,1008.74,0.05,36480,0,459,10.21,16.38,16.88,10.21,16.38,16.88,60,60,1804.71,539.39,121.21,6.14,0.88,0.00,9.50,14.33,14.62,9.50,14.33,14.62,56,56,1742.30,517.07,102.60,2.48,0.25,0.00,25.66
2023/08/25T18:37:53z,c4:5b:be:e3:90:e4,7.01,3.0+OPENLOG+31954 MB+RV3028+BME280+BME680+PMSX003-A+PMSX003-B,76,45,53,1008.78,0.05,36480,0,579,10.17,16.22,18.08,10.17,16.22,18.08,60,60,1801.02,537.32,121.02,10.29,3.22,0.17,9.17,14.26,14.81,9.17,14.26,14.81,56,56,1698.93,507.14,111.59,3.91,0.79,0.00,25.58
2023/08/25T18:39:53z,c4:5b:be:e3:90:e4,7.01,3.0+OPENLOG+31954 MB+RV3028+BME280+BME680+PMSX003-A+PMSX003-B,76,45,53,1008.84,0.05,36168,0,699,10.64,16.39,16.93,10.64,16.39,16.93,60,60,1908.31,561.58,114.34,6.46,1.02,0.00,9.74,15.18,16.14,9.74,15.18,16.14,58,58,1750.53,509.30,109.68,6.47,1.35,0.00,26.03
2023/08/25T18:41:53z,c4:5b:be:e3:90:e4,7.01,3.0+OPENLOG+31954 MB+RV3028+BME280+BME680+PMSX003-A+PMSX003-B,76,45,53,1008.98,0.05,36480,0,819,10.59,15.67,17.83,10.59,15.67,17.83,59,59,1824.62,548.22,110.95,9.00,3.64,0.24,9.78,14.98,16.46,9.78,14.98,16.46,57,57,1777.83,527.22,109.53,5.58,2.56,0.15,25.43
2023/08/25T18:43:53z,c4:5b:be:e3:90:e4,7.01,3.0+OPENLOG+31954 MB+RV3028+BME280+BME680+PMSX003-A+PMSX003-B,76,45,53,1009.07,0.05,36480,0,939,10.81,16.40,17.98,10.81,16.40,17.98,60,60,1876.42,561.16,118.28,9.04,2.89,0.00,9.68,15.05,17.31,9.68,15.05,17.31,57,57,1784.54,527.08,111.12,8.25,3.69,0.64,26.18
2023/08/25T18:45:53z,c4:5b:be:e3:90:e4,7.01,3.0+OPENLOG+31954 MB+RV3028+BME280+BME680+PMSX003-A+PMSX003-B,76,45,53,1009.12,0.05,36480,0,1059,10.64,15.31,16.25,10.64,15.31,16.25,58,58,1803.66,541.76,109.59,5.27,1.32,0.22,10.09,14.45,15.05,10.09,14.45,15.05,56,56,1770.21,522.55,101.03,4.21,0.60,0.60,25.40
2023/08/25T18:47:53z,c4:5b:be:e3:90:e4,7.01,3.0+OPENLOG+31954 MB+RV3028+BME280+BME680+PMSX003-A+PMSX003-B,76,45,53,1009.14,0.05,36480,0,1179,10.08,14.69,15.71,10.08,14.69,15.71,57,57,1725.71,513.56,102.59,5.80,1.19,0.51,8.78,14.38,16.33,8.78,14.38,16.33,56,56,1669.20,494.00,106.11,6.65,3.07,0.96,25.78
2023/08/25T18:49:32z,c4:5b:be:e3:90:e4,7.01,3.0+OPENLOG+31954 MB+RV3028+BME280+BME680+PMSX003-A+PMSX003-B,76,45,53,1009.16,nan,36568,0,98,10.36,15.70,18.82,10.36,15.70,18.82,59,59,1820.39,543.75,117.66,9.36,4.80,1.05,9.29,13.64,13.79,9.29,13.64,13.79,55,55,1634.43,484.86,93.67,3.17,0.26,0.26,nan
2023/08/25T18:51:32z,c4:5b:be:e3:90:e4,7.01,3.0+OPENLOG+31954 MB+RV3028+BME280+BME680+PMSX003-A+PMSX003-B,76,45,53,1009.20,0.05,36480,0,218,9.49,14.42,15.83,9.49,14.42,15.83,56,56,1634.39,495.68,100.95,6.71,2.27,0.00,8.39,13.26,14.07,8.39,13.26,14.07,54,54,1635.05,474.14,101.61,3.82,1.21,0.72,25.00
2023/08/25T18:53:32z,c4:5b:be:e3:90:e4,7.01,3.0+OPENLOG+31954 MB+RV3028+BME280+BME680+PMSX003-A+PMSX003-B,76,45,53,1009.20,0.05,36480,0,338,9.17,14.03,14.10,9.17,14.03,14.10,55,55,1672.71,504.45,106.10,3.81,0.24,0.00,8.54,13.07,13.93,8.54,13.07,13.93,53,53,1602.10,473.46,94.85,4.76,1.34,0.41,25.05
2023/08/25T18:55:32z,c4:5b:be:e3:90:e4,7.01,3.0+OPENLOG+31954 MB+RV3028+BME280+BME680+PMSX003-A+PMSX003-B,76,45,53,1009.24,0.05,36480,0,458,9.41,15.00,16.77,9.41,15.00,16.77,57,57,1745.84,511.96,116.91,9.86,3.09,0.38,9.03,13.61,15.64,9.03,13.61,15.64,54,54,1620.20,485.42,109.42,7.41,2.76,0.44,25.88
2023/08/25T18:57:32z,c4:5b:be:e3:90:e4,7.01,3.0+OPENLOG+31954 MB+RV3028+BME280+BME680+PMSX003-A+PMSX003-B,76,45,53,1009.21,0.05,36480,0,578,9.19,14.14,15.17,9.19,14.14,15.17,56,56,1665.10,496.46,106.88,6.85,1.69,0.08,8.86,13.42,13.53,8.86,13.42,13.53,54,54,1662.32,485.05,97.05,3.02,0.18,0.00,25.80
2023/08/25T18:59:32z,c4:5b:be:e3:90:e4,7.01,3.0+OPENLOG+31954 MB+RV3028+BME280+BME680+PMSX003-A+PMSX003-B,76,45,53,1009.16,0.05,36480,0,698,8.85,14.20,15.14,8.85,14.20,15.14,56,56,1638.71,486.49,98.88,5.85,1.29,0.68,9.34,13.25,13.89,9.34,13.25,13.89,54,54,1598.46,479.64,99.54,3.38,0.88,0.36,25.65
2023/08/25T19:01:32z,c4:5b:be:e3:90:e4,7.01,3.0+OPENLOG+31954 MB+RV3028+BME280+BME680+PMSX003-A+PMSX003-B,76,45,53,1009.09,0.05,36480,0,818,9.07,14.28,16.33,9.07,14.28,16.33,56,56,1658.95,497.79,108.00,9.67,3.07,0.11,8.19,12.19,13.14,8.19,12.19,13.14,51,51,1497.36,444.75,87.36,3.92,1.08,0.75,26.14
2023/08/25T19:03:32z,c4:5b:be:e3:90:e4,7.01,3.0+OPENLOG+31954 MB+RV3028+BME280+BME680+PMSX003-A+PMSX003-B,76,45,53,1008.99,0.05,36480,0,938,8.89,13.00,13.84,8.89,13.00,13.84,53,53,1557.32,459.84,100.86,4.74,1.09,0.49,8.61,12.98,13.39,8.61,12.98,13.39,53,53,1542.81,464.95,91.02,2.68,0.68,0.00,26.33
2023/08/25T19:05:32z,c4:5b:be:e3:90:e4,7.01,3.0+OPENLOG+31954 MB+RV3028+BME280+BME680+PMSX003-A+PMSX003-B,76,45,53,1008.99,0.05,36480,0,1058,9.03,13.41,13.93,9.03,13.41,13.93,54,54,1576.71,477.59,102.50,3.97,0.78,0.00,7.52,11.84,12.59,7.52,11.84,12.59,49,49,1455.10,426.38,87.24,5.38,1.00,0.57,26.16
2023/08/25T19:07:32z,c4:5b:be:e3:90:e4,7.01,3.0+OPENLOG+31954 MB+RV3028+BME280+BME680+PMSX003-A+PMSX003-B,76,45,53,1009.02,0.05,36168,0,1178,8.33,13.42,14.88,8.33,13.42,14.88,54,54,1503.30,450.02,106.68,7.32,2.60,0.17,8.04,11.39,11.75,8.04,11.39,11.75,47,47,1398.74,413.65,84.25,1.35,0.56,0.18,26.00
2023/08/25T19:09:12z,c4:5b:be:e3:90:e4,7.01,3.0+OPENLOG+31954 MB+RV3028+BME280+BME680+PMSX003-A+PMSX003-B,76,45,53,1008.99,nan,36568,0,99,8.09,12.84,13.22,8.09,12.84,13.22,53,53,1420.87,425.56,104.89,4.84,0.87,0.00,7.63,11.19,11.56,7.63,11.19,11.56,47,47,1348.19,405.07,70.60,3.14,0.60,0.00,nan
2023/08/25T19:11:12z,c4:5b:be:e3:90:e4,7.01,3.0+OPENLOG+31954 MB+RV3028+BME280+BME680+PMSX003-A+PMSX003-B,76,45,53,1008.99,0.05,36480,0,219,7.51,11.49,12.07,7.51,11.49,12.07,48,48,1334.64,393.68,90.24,4.41,0.83,0.24,7.07,10.52,12.00,7.07,10.52,12.00,44,44,1313.79,391.46,74.73,5.39,2.32,0.32,25.00
2023/08/25T19:13:12z,c4:5b:be:e3:90:e4,7.01,3.0+OPENLOG+31954 MB+RV3028+BME280+BME680+PMSX003-A+PMSX003-B,76,45,53,1008.93,0.05,36480,0,339,7.61,11.53,12.26,7.61,11.53,12.26,48,48,1365.00,410.82,99.26,3.46,0.91,0.00,7.17,11.26,11.84,7.17,11.26,11.84,47,47,1344.31,397.34,85.74,3.43,0.47,0.29,25.26
2023/08/25T19:15:11z,c4:5b:be:e3:90:e4,7.01,3.0+OPENLOG+31954 MB+RV3028+BME280+BME680+PMSX003-A+PMSX003-B,76,45,53,1008.89,0.05,36480,0,458,8.05,11.96,12.30,8.05,11.96,12.30,50,50,1407.59,423.05,88.02,5.11,0.45,0.00,7.29,10.63,11.24,7.29,10.63,11.24,44,44,1353.15,398.00,78.32,2.93,0.88,0.17,25.82
2023/08/25T19:17:11z,c4:5b:be:e3:90:e4,7.01,3.0+OPENLOG+31954 MB+RV3028+BME280+BME680+PMSX003-A+PMSX003-B,76,45,53,1008.88,0.05,36480,0,578,6.78,11.12,11.90,6.78,11.12,11.90,46,46,1329.57,393.88,83.02,5.24,1.50,0.40,6.89,10.26,10.86,6.89,10.26,10.86,43,43,1278.74,378.67,79.40,2.82,0.77,0.26,26.44
2023/08/25T19:19:11z,c4:5b:be:e3:90:e4,7.01,3.0+OPENLOG+31954 MB+RV3028+BME280+BME680+PMSX003-A+PMSX003-B,76,45,53,1008.80,0.05,36480,0,698,7.90,11.66,13.07,7.90,11.66,13.07,49,49,1421.64,431.64,92.44,5.54,2.22,0.20,6.59,10.50,11.09,6.59,10.50,11.09,44,44,1247.14,368.32,82.45,4.32,0.43,0.00,27.01
2023/08/25T19:21:11z,c4:5b:be:e3:90:e4,7.01,3.0+OPENLOG+31954 MB+RV3028+BME280+BME680+PMSX003-A+PMSX003-B,76,45,53,1008.78,0.05,36480,0,818,6.83,11.09,11.64,6.83,11.09,11.64,46,46,1311.10,389.71,83.79,5.84,1.31,0.00,6.81,11.00,11.38,6.81,11.00,11.38,46,46,1295.28,383.48,81.29,4.22,0.31,0.31,26.11
2023/08/25T19:23:11z,c4:5b:be:e3:90:e4,7.01,3.0+OPENLOG+31954 MB+RV3028+BME280+BME680+PMSX003-A+PMSX003-B,76,45,53,1008.74,0.05,36480,0,938,7.68,11.75,12.27,7.68,11.75,12.27,49,49,1399.88,409.46,84.66,4.84,0.86,0.36,7.27,10.64,11.41,7.27,10.64,11.41,44,44,1380.92,400.88,79.02,3.39,0.83,0.64,27.08
2023/08/25T19:25:11z,c4:5b:be:e3:90:e4,7.01,3.0+OPENLOG+31954 MB+RV3028+BME280+BME680+PMSX003-A+PMSX003-B,76,45,53,1008.70,0.05,36480,0,1058,7.37,10.76,11.07,7.37,10.76,11.07,45,45,1329.61,388.92,75.90,3.29,0.24,0.07,6.45,10.02,10.26,6.45,10.02,10.26,42,42,1225.66,364.69,72.69,3.91,0.26,0.00,27.75
2023/08/25T19:27:11z,c4:5b:be:e3:90:e4,7.01,3.0+OPENLOG+31954 MB+RV3028+BME280+BME680+PMSX003-A+PMSX003-B,76,45,53,1008.73,0.05,36480,0,1178,7.55,10.85,11.23,7.55,10.85,11.23,45,45,1285.90,387.07,81.50,3.20,0.43,0.00,6.50,9.88,10.36,6.50,9.88,10.36,41,41,1176.75,355.71,73.11,2.73,0.46,0.21,28.56
2023/08/25T19:28:51z,c4:5b:be:e3:90:e4,7.01,3.0+OPENLOG+31954 MB+RV3028+BME280+BME680+PMSX003-A+PMSX003-B,75,45,52,1008.76,nan,36568,0,99,6.78,10.31,10.93,6.78,10.31,10.93,43,43,1250.20,373.56,78.38,3.29,0.89,0.29,6.14,9.18,10.68,6.14,9.18,10.68,38,38,1146.95,331.14,71.36,4.70,2.05,1.59,nan
2023/08/25T19:30:51z,c4:5b:be:e3:90:e4,7.01,3.0+OPENLOG+31954 MB+RV3028+BME280+BME680+PMSX003-A+PMSX003-B,75,45,52,1008.77,0.05,36480,0,219,7.03,10.88,13.09,7.03,10.88,13.09,45,45,1280.02,382.21,87.55,6.34,3.47,0.52,6.05,9.03,9.28,6.05,9.03,9.28,38,38,1120.34,328.62,67.72,2.57,0.24,0.00,25.00
2023/08/25T19:32:51z,c4:5b:be:e3:90:e4,7.01,3.0+OPENLOG+31954 MB+RV3028+BME280+BME680+PMSX003-A+PMSX003-B,75,45,52,1008.75,0.05,36480,0,339,6.93,10.30,12.02,6.93,10.30,12.02,43,43,1271.16,378.74,75.18,6.77,2.93,0.35,5.41,8.33,8.57,5.41,8.33,8.57,35,35,1123.86,326.31,68.09,2.66,0.31,0.22,25.08
2023/08/25T19:34:51z,c4:5b:be:e3:90:e4,7.01,3.0+OPENLOG+31954 MB+RV3028+BME280+BME680+PMSX003-A+PMSX003-B,76,45,53,1008.74,0.05,36480,0,459,6.93,10.00,10.51,6.93,10.00,10.51,42,42,1243.89,376.46,73.54,3.53,0.70,0.21,6.36,8.53,9.02,6.36,8.53,9.02,36,36,1128.81,336.17,58.58,2.27,0.63,0.22,26.96
2023/08/25T19:36:51z,c4:5b:be:e3:90:e4,7.01,3.0+OPENLOG+31954 MB+RV3028+BME280+BME680+PMSX003-A+PMSX003-B,75,45,52,1008.72,0.05,36480,0,579,7.07,10.80,12.14,7.07,10.80,12.14,45,45,1274.34,377.37,88.64,6.24,2.36,0.19,6.63,10.12,10.63,6.63,10.12,10.63,42,42,1192.84,355.61,78.25,3.61,0.74,0.39,27.22
2023/08/25T19:38:50z,c4:5b:be:e3:90:e4,7.01,3.0+OPENLOG+31954 MB+RV3028+BME280+BME680+PMSX003-A+PMSX003-B,76,45,53,1008.68,0.05,36480,0,698,7.24,10.20,10.44,7.24,10.20,10.44,43,43,1276.07,383.73,75.69,2.29,0.25,0.00,6.46,9.70,10.52,6.46,9.70,10.52,40,40,1192.93,355.11,74.29,3.54,0.66,0.45,27.56
2023/08/25T19:40:50z,c4:5b:be:e3:90:e4,7.01,3.0+OPENLOG+31954 MB+RV3028+BME280+BME680+PMSX003-A+PMSX003-B,76,45,53,1008.68,0.05,36480,0,818,7.55,11.10,12.02,7.55,11.10,12.02,46,46,1305.21,391.40,77.90,5.26,1.64,0.22,6.38,8.55,8.91,6.38,8.55,8.91,36,36,1161.72,346.62,57.43,1.55,0.41,0.41,26.86
2023/08/25T19:42:50z,c4:5b:be:e3:90:e4,7.01,3.0+OPENLOG+31954 MB+RV3028+BME280+BME680+PMSX003-A+PMSX003-B,76,45,53,1008.70,0.05,36480,0,938,6.91,10.70,10.96,6.91,10.70,10.96,45,45,1243.00,371.46,83.51,3.91,0.54,0.04,6.63,9.88,10.51,6.63,9.88,10.51,41,41,1239.76,366.78,69.32,3.98,0.97,0.58,27.93
2023/08/25T19:44:50z,c4:5b:be:e3:90:e4,7.01,3.0+OPENLOG+31954 MB+RV3028+BME280+BME680+PMSX003-A+PMSX003-B,75,45,52,1008.70,0.05,36480,0,1058,6.98,10.79,11.48,6.98,10.79,11.48,45,45,1249.40,376.14,85.02,4.29,1.21,0.16,5.86,9.12,9.36,5.86,9.12,9.36,38,38,1108.24,327.90,71.24,3.36,0.09,0.09,28.20
2023/08/25T19:46:50z,c4:5b:be:e3:90:e4,7.01,3.0+OPENLOG+31954 MB+RV3028+BME280+BME680+PMSX003-A+PMSX003-B,75,45,52,1008.70,0.05,36480,0,1178,6.70,9.90,10.43,6.70,9.90,10.43,41,41,1238.40,359.73,76.53,3.73,1.03,0.00,5.77,9.36,10.07,5.77,9.36,10.07,39,39,1163.14,341.89,78.25,2.84,0.93,0.45,28.26
2023/08/25T19:48:29z,c4:5b:be:e3:90:e4,7.01,3.0+OPENLOG+31954 MB+RV3028+BME280+BME680+PMSX003-A+PMSX003-B,75,45,52,1008.68,nan,36568,0,98,6.33,9.67,9.82,6.33,9.67,9.82,40,40,1225.00,354.60,69.89,3.29,0.33,0.00,6.37,9.07,9.49,6.37,9.07,9.49,38,38,1150.05,351.58,67.28,2.30,0.53,0.00,nan
2023/08/25T19:50:29z,c4:5b:be:e3:90:e4,7.01,3.0+OPENLOG+31954 MB+RV3028+BME280+BME680+PMSX003-A+PMSX003-B,75,45,52,1008.65,0.05,36480,0,218,7.31,10.88,11.07,7.31,10.88,11.07,45,45,1310.59,395.29,82.54,3.32,0.37,0.19,6.67,9.79,9.98,6.67,9.79,9.98,41,41,1206.00,351.38,69.93,3.57,0.29,0.00,25.00
2023/08/25T19:52:29z,c4:5b:be:e3:90:e4,7.01,3.0+OPENLOG+31954 MB+RV3028+BME280+BME680+PMSX003-A+PMSX003-B,75,45,52,1008.25,0.05,36480,0,338,7.37,10.32,10.77,7.37,10.32,10.77,43,43,1272.05,375.14,77.12,3.56,0.42,0.00,6.29,9.31,10.22,6.29,9.31,10.22,39,39,1150.45,343.97,70.66,3.17,1.47,0.00,25.12
2023/08/25T19:54:29z,c4:5b:be:e3:90:e4,7.01,3.0+OPENLOG+31954 MB+RV3028+BME280+BME680+PMSX003-A+PMSX003-B,75,45,52,1008.59,0.05,36480,0,458,6.77,10.29,11.12,6.77,10.29,11.12,43,43,1283.62,378.16,79.04,5.29,1.48,0.00,6.49,9.97,10.97,6.49,9.97,10.97,42,42,1194.41,353.76,80.08,4.76,1.47,0.53,26.16
2023/08/25T19:56:29z,c4:5b:be:e3:90:e4,7.01,3.0+OPENLOG+31954 MB+RV3028+BME280+BME680+PMSX003-A+PMSX003-B,75,45,52,1008.59,0.05,36480,0,578,7.00,10.40,10.71,7.00,10.40,10.71,43,43,1263.10,377.03,76.79,3.86,0.59,0.00,6.05,9.26,9.75,6.05,9.26,9.75,39,39,1186.32,353.30,74.00,1.65,0.49,0.26,26.03
2023/08/25T19:58:29z,c4:5b:be:e3:90:e4,7.01,3.0+OPENLOG+31954 MB+RV3028+BME280+BME680+PMSX003-A+PMSX003-B,75,45,52,1008.49,0.05,36480,0,698,6.92,10.73,11.38,6.92,10.73,11.38,45,45,1281.20,375.68,78.35,5.55,0.85,0.20,5.77,9.46,10.54,5.77,9.46,10.54,39,39,1146.00,337.32,75.04,4.52,1.84,0.23,26.35
2023/08/25T20:00:29z,c4:5b:be:e3:90:e4,7.01,3.0+OPENLOG+31954 MB+RV3028+BME280+BME680+PMSX003-A+PMSX003-B,75,45,52,1008.43,0.05,36480,0,818,7.26,10.90,12.16,7.26,10.90,12.16,45,45,1264.45,376.36,86.14,5.79,1.79,0.91,6.53,9.55,10.28,6.53,9.55,10.28,40,40,1242.31,368.21,70.14,3.19,0.62,0.62,26.34
2023/08/25T20:02:29z,c4:5b:be:e3:90:e4,7.01,3.0+OPENLOG+31954 MB+RV3028+BME280+BME680+PMSX003-A+PMSX003-B,75,45,52,1008.40,0.05,36480,0,938,6.29,10.41,11.04,6.29,10.41,11.04,43,43,1228.88,366.46,82.48,5.77,1.25,0.00,6.19,9.20,10.02,6.19,9.20,10.02,38,38,1178.24,350.51,67.14,3.34,1.03,0.83,26.12
2023/08/25T20:04:29z,c4:5b:be:e3:90:e4,7.01,3.0+OPENLOG+31954 MB+RV3028+BME280+BME680+PMSX003-A+PMSX003-B,75,45,52,1008.32,0.05,36480,0,1058,7.53,10.86,11.61,7.53,10.86,11.61,45,45,1279.93,385.27,79.83,3.20,0.97,0.41,6.12,9.71,9.84,6.12,9.71,9.84,40,40,1207.14,358.97,74.86,1.67,0.07,0.00,26.39
2023/08/25T20:06:29z,c4:5b:be:e3:90:e4,7.01,3.0+OPENLOG+31954 MB+RV3028+BME280+BME680+PMSX003-A+PMSX003-B,75,45,52,1008.25,0.05,36480,0,1178,7.12,10.85,11.19,7.12,10.85,11.19,45,45,1266.20,374.42,85.37,4.53,0.63,0.20,5.61,8.54,9.18,5.61,8.54,9.18,36,36,1151.46,339.04,67.93,3.11,0.62,0.45,25.86
2023/08/25T20:08:07z,c4:5b:be:e3:90:e4,7.01,3.0+OPENLOG+31954 MB+RV3028+BME280+BME680+PMSX003-A+PMSX003-B,75,45,52,1008.35,nan,36568,0,98,7.71,11.64,13.69,7.71,11.64,13.69,49,49,1410.60,413.07,87.36,7.16,3.42,0.27,6.19,8.60,9.00,6.19,8.60,9.00,36,36,1139.86,337.10,65.62,1.60,0.24,0.24,nan
2023/08/25T20:10:07z,c4:5b:be:e3:90:e4,7.01,3.0+OPENLOG+31954 MB+RV3028+BME280+BME680+PMSX003-A+PMSX003-B,75,45,52,1008.38,0.05,36480,0,218,7.42,10.73,11.44,7.42,10.73,11.44,45,45,1280.24,386.80,81.90,3.00,1.31,0.44,6.22,9.03,9.45,6.22,9.03,9.45,38,38,1141.76,340.62,68.86,2.29,0.62,0.19,25.00
2023/08/25T20:12:07z,c4:5b:be:e3:90:e4,7.01,3.0+OPENLOG+31954 MB+RV3028+BME280+BME680+PMSX003-A+PMSX003-B,75,45,52,1008.33,0.05,36480,0,338,7.18,10.12,10.44,7.18,10.12,10.44,42,42,1269.63,380.84,75.12,1.33,0.37,0.00,5.83,9.38,10.71,5.83,9.38,10.71,39,39,1108.86,327.24,76.21,4.71,2.31,0.24,25.06
2023/08/25T20:14:07z,c4:5b:be:e3:90:e4,7.01,3.0+OPENLOG+31954 MB+RV3028+BME280+BME680+PMSX003-A+PMSX003-B,75,45,52,1008.32,0.05,36480,0,458,6.84,10.55,11.38,6.84,10.55,11.38,44,44,1289.41,379.80,82.16,3.54,1.00,0.71,5.93,9.08,9.08,5.93,9.08,9.08,38,38,1166.34,345.53,64.27,1.31,0.00,0.00,25.99
2023/08/25T20:16:07z,c4:5b:be:e3:90:e4,7.01,3.0+OPENLOG+31954 MB+RV3028+BME280+BME680+PMSX003-A+PMSX003-B,75,45,52,1008.34,0.05,36480,0,578,6.97,10.69,11.28,6.97,10.69,11.28,45,45,1251.47,371.41,83.31,6.55,0.90,0.17,6.42,9.88,9.93,6.42,9.88,9.93,41,41,1195.89,353.96,73.16,2.96,0.05,0.00,27.17
2023/08/25T20:18:07z,c4:5b:be:e3:90:e4,7.01,3.0+OPENLOG+31954 MB+RV3028+BME280+BME680+PMSX003-A+PMSX003-B,75,45,52,1008.32,0.05,36480,0,698,6.46,10.24,10.51,6.46,10.24,10.51,43,43,1203.92,356.07,72.90,4.92,0.47,0.00,6.52,9.21,9.46,6.52,9.21,9.46,38,38,1152.11,349.00,70.21,1.50,0.45,0.00,26.72
2023/08/25T20:20:07z,c4:5b:be:e3:90:e4,7.01,3.0+OPENLOG+31954 MB+RV3028+BME280+BME680+PMSX003-A+PMSX003-B,75,45,52,1008.31,0.05,36480,0,818,7.32,10.40,10.95,7.32,10.40,10.95,43,43,1250.42,374.26,75.86,3.33,0.89,0.28,7.02,10.14,10.54,7.02,10.14,10.54,42,42,1228.17,364.98,74.75,2.34,0.56,0.25,26.94
2023/08/25T20:22:07z,c4:5b:be:e3:90:e4,7.01,3.0+OPENLOG+31954 MB+RV3028+BME280+BME680+PMSX003-A+PMSX003-B,75,45,52,1008.25,0.05,36480,0,938,6.71,10.57,11.43,6.71,10.57,11.43,44,44,1302.43,387.48,87.27,4.79,1.16,0.38,6.52,9.48,9.83,6.52,9.48,9.83,40,40,1211.70,359.53,69.55,2.73,0.43,0.23,26.54
2023/08/25T20:24:07z,c4:5b:be:e3:90:e4,7.01,3.0+OPENLOG+31954 MB+RV3028+BME280+BME680+PMSX003-A+PMSX003-B,75,45,52,1008.23,0.05,36480,0,1058,6.84,9.71,10.19,6.84,9.71,10.19,40,40,1232.84,362.34,71.28,2.86,0.60,0.19,6.62,9.98,10.90,6.62,9.98,10.90,42,42,1261.76,376.00,71.41,4.43,0.84,0.60,26.81
2023/08/25T20:26:07z,c4:5b:be:e3:90:e4,7.01,3.0+OPENLOG+31954 MB+RV3028+BME280+BME680+PMSX003-A+PMSX003-B,75,45,52,1008.27,0.05,36480,0,1178,7.53,10.73,11.78,7.53,10.73,11.78,45,45,1304.69,386.27,79.15,4.49,1.78,0.36,5.46,8.11,8.52,5.46,8.11,8.52,34,34,1162.18,338.11,60.84,3.09,0.38,0.21,27.56
2023/08/25T20:27:47z,c4:5b:be:e3:90:e4,7.01,3.0+OPENLOG+31954 MB+RV3028+BME280+BME680+PMSX003-A+PMSX003-B,75,45,52,1008.23,nan,36568,0,99,6.70,10.26,10.93,6.70,10.26,10.93,43,43,1212.85,355.13,73.70,5.04,1.02,0.00,7.05,10.86,11.57,7.05,10.86,11.57,45,45,1307.32,383.73,90.95,4.25,0.43,0.43,nan
2023/08/25T20:29:47z,c4:5b:be:e3:90:e4,7.01,3.0+OPENLOG+31954 MB+RV3028+BME280+BME680+PMSX003-A+PMSX003-B,75,45,52,1008.24,0.05,36480,0,219,6.93,10.41,11.41,6.93,10.41,11.41,43,43,1279.73,379.59,76.25,5.12,1.27,0.17,5.88,9.14,10.37,5.88,9.14,10.37,38,38,1148.32,331.86,67.93,4.98,1.88,0.42,25.00
2023/08/25T20:31:46z,c4:5b:be:e3:90:e4,7.01,3.0+OPENLOG+31954 MB+RV3028+BME280+BME680+PMSX003-A+PMSX003-B,75,45,52,1008.21,0.05,36480,0,338,7.61,10.86,12.64,7.61,10.86,12.64,45,45,1389.38,418.21,80.96,4.93,2.36,0.34,5.98,10.09,11.09,5.98,10.09,11.09,42,42,1151.90,338.14,74.03,4.12,1.28,0.64,25.06
2023/08/25T20:33:46z,c4:5b:be:e3:90:e4,7.01,3.0+OPENLOG+31954 MB+RV3028+BME280+BME680+PMSX003-A+PMSX003-B,75,45,52,1008.18,0.05,36480,0,458,7.07,10.53,11.35,7.07,10.53,11.35,44,44,1307.84,388.88,77.35,4.58,1.32,0.44,6.12,9.44,10.10,6.12,9.44,10.10,39,39,1221.15,360.24,77.53,4.32,1.00,0.25,26.11
2023/08/25T20:35:46z,c4:5b:be:e3:90:e4,7.01,3.0+OPENLOG+31954 MB+RV3028+BME280+BME680+PMSX003-A+PMSX003-B,75,45,52,1008.18,0.05,36480,0,578,7.08,10.80,11.36,7.08,10.80,11.36,45,45,1270.37,376.15,76.76,3.58,0.92,0.00,6.49,10.25,11.11,6.49,10.25,11.11,43,43,1278.53,385.75,85.40,4.12,0.95,0.05,25.56
2023/08/25T20:37:46z,c4:5b:be:e3:90:e4,7.01,3.0+OPENLOG+31954 MB+RV3028+BME280+BME680+PMSX003-A+PMSX003-B,75,45,52,1008.13,0.05,36480,0,698,7.58,11.02,11.73,7.58,11.02,11.73,46,46,1332.00,398.59,79.54,3.66,0.83,0.24,6.44,9.21,9.60,6.44,9.21,9.60,38,38,1213.26,360.18,71.91,3.00,0.88,0.46,26.45
2023/08/25T20:39:46z,c4:5b:be:e3:90:e4,7.01,3.0+OPENLOG+31954 MB+RV3028+BME280+BME680+PMSX003-A+PMSX003-B,75,45,52,1008.16,0.05,36480,0,818,7.24,10.58,11.34,7.24,10.58,11.34,44,44,1296.81,388.98,76.76,4.54,1.05,0.17,6.29,9.32,10.10,6.29,9.32,10.10,39,39,1264.68,368.24,68.41,2.42,1.20,0.64,26.23
2023/08/25T20:41:46z,c4:5b:be:e3:90:e4,7.01,3.0+OPENLOG+31954 MB+RV3028+BME280+BME680+PMSX003-A+PMSX003-B,75,45,52,1008.11,0.05,36480,0,938,7.14,10.49,10.56,7.14,10.49,10.56,44,44,1326.84,389.12,76.95,2.42,0.00,0.00,6.66,10.15,10.29,6.66,10.15,10.29,42,42,1273.83,378.00,73.59,2.17,0.22,0.17,26.05
2023/08/25T20:43:46z,c4:5b:be:e3:90:e4,7.01,3.0+OPENLOG+31954 MB+RV3028+BME280+BME680+PMSX003-A+PMSX003-B,75,45,52,1008.10,0.05,36480,0,1058,7.21,10.62,10.78,7.21,10.62,10.78,44,44,1295.79,384.90,84.29,1.14,0.31,0.09,6.09,8.86,9.31,6.09,8.86,9.31,37,37,1168.24,335.86,63.03,2.41,0.48,0.22,26.38
2023/08/25T20:45:46z,c4:5b:be:e3:90:e4,7.01,3.0+OPENLOG+31954 MB+RV3028+BME280+BME680+PMSX003-A+PMSX003-B,75,46,52,1008.02,0.05,36480,0,1178,7.02,10.56,11.27,7.02,10.56,11.27,44,44,1329.25,398.58,76.02,2.05,1.00,0.53,7.43,10.64,10.91,7.43,10.64,10.91,44,44,1284.32,383.11,75.11,4.11,0.48,0.18,26.03
2023/08/25T20:47:26z,c4:5b:be:e3:90:e4,7.01,3.0+OPENLOG+31954 MB+RV3028+BME280+BME680+PMSX003-A+PMSX003-B,74,45,51,1007.07,nan,36568,0,99,6.71,10.71,10.96,6.71,10.71,10.96,45,45,1265.53,377.04,80.42,3.84,0.40,0.00,7.09,10.19,10.70,7.09,10.19,10.70,42,42,1240.74,370.47,78.56,1.65,0.56,0.28,nan
2023/08/25T20:49:26z,c4:5b:be:e3:90:e4,7.01,3.0+OPENLOG+31954 MB+RV3028+BME280+BME680+PMSX003-A+PMSX003-B,75,46,52,1008.03,0.05,36480,0,219,6.73,9.92,10.27,6.73,9.92,10.27,41,41,1235.49,368.97,72.56,4.22,0.64,0.24,6.73,10.05,10.30,6.73,10.05,10.30,42,42,1235.14,370.71,74.68,2.68,0.55,0.16,25.00
2023/08/25T20:51:26z,c4:5b:be:e3:90:e4,7.01,3.0+OPENLOG+31954 MB+RV3028+BME280+BME680+PMSX003-A+PMSX003-B,75,45,52,1008.02,0.05,36480,0,339,7.07,10.56,11.28,7.07,10.56,11.28,44,44,1226.84,364.84,79.72,3.68,1.35,0.26,6.24,9.05,9.53,6.24,9.05,9.53,38,38,1163.38,350.34,64.60,1.98,0.79,0.33,25.11
2023/08/25T20:53:26z,c4:5b:be:e3:90:e4,7.01,3.0+OPENLOG+31954 MB+RV3028+BME280+BME680+PMSX003-A+PMSX003-B,75,46,52,1007.98,0.05,36480,0,459,7.20,10.77,11.41,7.20,10.77,11.41,45,45,1334.30,390.11,76.14,4.98,0.75,0.00,6.24,9.22,9.61,6.24,9.22,9.61,38,38,1183.93,344.95,66.54,2.44,0.47,0.41,25.76
2023/08/25T20:55:26z,c4:5b:be:e3:90:e4,7.01,3.0+OPENLOG+31954 MB+RV3028+BME280+BME680+PMSX003-A+PMSX003-B,75,45,52,1007.99,0.05,36480,0,579,7.21,10.88,11.67,7.21,10.88,11.67,45,45,1271.02,376.07,79.78,6.50,1.05,0.59,6.03,9.07,9.95,6.03,9.07,9.95,38,38,1156.34,344.83,70.28,3.57,1.47,0.41,25.69
2023/08/25T20:57:25z,c4:5b:be:e3:90:e4,7.01,3.0+OPENLOG+31954 MB+RV3028+BME280+BME680+PMSX003-A+PMSX003-B,75,45,52,1008.04,0.05,36480,0,698,7.31,11.12,12.07,7.31,11.12,12.07,46,46,1345.78,399.90,87.58,4.98,0.97,0.29,6.09,9.09,9.21,6.09,9.09,9.21,38,38,1181.68,354.11,73.61,1.88,0.04,0.00,27.04
2023/08/25T20:59:25z,c4:5b:be:e3:90:e4,7.01,3.0+OPENLOG+31954 MB+RV3028+BME280+BME680+PMSX003-A+PMSX003-B,75,45,52,1007.97,0.05,36480,0,818,6.44,9.91,10.56,6.44,9.91,10.56,41,41,1266.84,373.35,79.12,3.53,0.75,0.00,5.52,7.95,8.10,5.52,7.95,8.10,33,33,1030.97,311.07,60.07,1.45,0.05,0.05,27.33
2023/08/25T21:01:25z,c4:5b:be:e3:90:e4,7.01,3.0+OPENLOG+31954 MB+RV3028+BME280+BME680+PMSX003-A+PMSX003-B,75,45,52,1007.97,0.05,36480,0,938,7.14,11.52,12.50,7.14,11.52,12.50,48,48,1355.95,404.54,91.21,5.30,1.52,0.89,6.66,9.83,10.90,6.66,9.83,10.90,41,41,1231.76,363.38,69.76,3.26,1.45,0.38,27.06
2023/08/25T21:03:25z,c4:5b:be:e3:90:e4,7.01,3.0+OPENLOG+31954 MB+RV3028+BME280+BME680+PMSX003-A+PMSX003-B,75,45,52,1007.94,0.05,36480,0,1058,7.09,10.12,11.68,7.09,10.12,11.68,42,42,1271.63,375.96,83.11,5.05,2.63,0.28,6.52,9.59,10.66,6.52,9.59,10.66,40,40,1194.93,355.83,67.34,4.21,2.02,0.07,26.61
2023/08/25T21:05:25z,c4:5b:be:e3:90:e4,7.01,3.0+OPENLOG+31954 MB+RV3028+BME280+BME680+PMSX003-A+PMSX003-B,75,45,52,1007.94,0.05,36480,0,1178,6.81,11.14,12.20,6.81,11.14,12.20,46,46,1280.95,389.73,84.32,5.66,1.90,0.36,6.45,9.70,10.05,6.45,9.70,10.05,40,40,1160.68,345.61,73.36,3.62,0.61,0.11,26.53
2023/08/25T21:07:05z,c4:5b:be:e3:90:e4,7.01,3.0+OPENLOG+31954 MB+RV3028+BME280+BME680+PMSX003-A+PMSX003-B,75,46,52,1007.91,nan,36568,0,99,6.33,9.96,10.58,6.33,9.96,10.58,41,41,1229.40,365.78,76.36,4.49,1.00,0.00,6.00,9.09,9.42,6.00,9.09,9.42,38,38,1124.51,330.14,70.14,1.74,0.37,0.37,nan
2023/08/25T21:09:05z,c4:5b:be:e3:90:e4,7.01,3.0+OPENLOG+31954 MB+RV3028+BME280+BME680+PMSX003-A+PMSX003-B,75,45,52,1007.90,0.05,36480,0,219,6.15,8.92,9.03,6.15,8.92,9.03,37,37,1144.47,341.58,71.93,1.90,0.25,0.17,6.02,8.58,9.47,6.02,8.58,9.47,36,36,1170.53,345.09,60.54,2.96,1.07,0.39,25.00
2023/08/25T21:11:05z,c4:5b:be:e3:90:e4,7.01,3.0+OPENLOG+31954 MB+RV3028+BME280+BME680+PMSX003-A+PMSX003-B,75,45,52,1007.88,0.05,36480,0,339,7.33,10.40,10.91,7.33,10.40,10.91,43,43,1293.26,382.35,71.98,3.12,0.68,0.18,7.00,9.83,10.09,7.00,9.83,10.09,41,41,1219.66,360.97,70.57,2.40,0.45,0.22,25.15
2023/08/25T21:13:05z,c4:5b:be:e3:90:e4,7.01,3.0+OPENLOG+31954 MB+RV3028+BME280+BME680+PMSX003-A+PMSX003-B,75,45,52,1007.84,0.05,36480,0,459,6.64,9.70,10.43,6.64,9.70,10.43,40,40,1204.45,355.09,63.88,4.09,1.07,0.62,6.25,9.27,10.14,6.25,9.27,10.14,39,39,1142.03,341.36,69.63,2.75,1.14,0.80,25.78
2023/08/25T21:15:05z,c4:5b:be:e3:90:e4,7.01,3.0+OPENLOG+31954 MB+RV3028+BME280+BME680+PMSX003-A+PMSX003-B,75,45,52,1007.80,0.05,36480,0,579,6.93,10.60,12.02,6.93,10.60,12.02,44,44,1273.95,370.26,78.75,6.67,2.33,0.23,6.60,9.91,10.48,6.60,9.91,10.48,41,41,1243.66,364.31,76.72,2.72,0.66,0.33,26.36
2023/08/25T21:17:04z,c4:5b:be:e3:90:e4,7.01,3.0+OPENLOG+31954 MB+RV3028+BME280+BME680+PMSX003-A+PMSX003-B,75,45,52,1007.73,0.05,36480,0,698,6.86,11.10,11.36,6.86,11.10,11.36,46,46,1261.22,377.81,91.97,4.49,0.07,0.07,6.30,9.32,9.46,6.30,9.32,9.46,39,39,1180.21,352.28,69.23,2.18,0.00,0.00,27.39
2023/08/25T21:19:04z,c4:5b:be:e3:90:e4,7.01,3.0+OPENLOG+31954 MB+RV3028+BME280+BME680+PMSX003-A+PMSX003-B,75,45,52,1007.71,0.05,36480,0,818,6.74,10.36,10.64,6.74,10.36,10.64,43,43,1228.09,366.88,81.64,4.02,0.45,0.21,6.61,8.93,9.59,6.61,8.93,9.59,37,37,1164.61,352.64,63.02,2.24,0.86,0.68,27.12
2023/08/25T21:21:04z,c4:5b:be:e3:90:e4,7.01,3.0+OPENLOG+31954 MB+RV3028+BME280+BME680+PMSX003-A+PMSX003-B,75,45,52,1007.72,0.05,36480,0,938,7.36,11.23,11.71,7.36,11.23,11.71,47,47,1310.62,386.91,86.62,5.02,0.70,0.00,6.52,9.92,10.47,6.52,9.92,10.47,41,41,1173.00,356.30,74.38,3.13,0.33,0.17,27.96
2023/08/25T21:23:04z,c4:5b:be:e3:90:e4,7.01,3.0+OPENLOG+31954 MB+RV3028+BME280+BME680+PMSX003-A+PMSX003-B,75,45,52,1007.72,0.05,36480,0,1058,7.05,10.74,12.68,7.05,10.74,12.68,45,45,1330.11,390.00,79.58,6.44,3.26,0.11,6.40,9.60,9.78,6.40,9.60,9.78,40,40,1200.93,360.38,70.34,1.88,0.09,0.09,28.17
2023/08/25T21:25:04z,c4:5b:be:e3:90:e4,7.01,3.0+OPENLOG+31954 MB+RV3028+BME280+BME680+PMSX003-A+PMSX003-B,75,45,52,1007.64,0.05,36480,0,1178,6.47,9.93,10.32,6.47,9.93,10.32,41,41,1247.34,366.37,82.75,3.29,0.59,0.00,6.02,9.38,9.52,6.02,9.38,9.52,39,39,1162.61,350.71,76.32,1.70,0.20,0.00,28.67
2023/08/25T21:26:44z,c4:5b:be:e3:90:e4,7.01,3.0+OPENLOG+31954 MB+RV3028+BME280+BME680+PMSX003-A+PMSX003-B,75,45,52,1007.74,nan,36568,0,99,7.78,10.85,11.39,7.78,10.85,11.39,45,45,1361.93,402.80,82.98,2.67,0.50,0.00,6.45,9.90,11.55,6.45,9.90,11.55,41,41,1169.14,347.10,72.10,3.93,2.55,0.36,nan
2023/08/25T21:28:44z,c4:5b:be:e3:90:e4,7.01,3.0+OPENLOG+31954 MB+RV3028+BME280+BME680+PMSX003-A+PMSX003-B,75,45,52,1007.66,0.05,36480,0,219,7.03,10.81,11.19,7.03,10.81,11.19,45,45,1252.22,371.61,82.66,4.39,0.41,0.00,6.41,9.71,10.43,6.41,9.71,10.43,40,40,1166.68,347.79,70.05,3.98,1.04,0.48,25.00
2023/08/25T21:30:44z,c4:5b:be:e3:90:e4,7.01,3.0+OPENLOG+31954 MB+RV3028+BME280+BME680+PMSX003-A+PMSX003-B,75,45,52,1007.69,0.05,36480,0,339,7.11,10.89,12.96,7.11,10.89,12.96,45,45,1243.12,371.91,86.64,7.95,2.88,0.38,6.61,10.10,11.46,6.61,10.10,11.46,42,42,1216.98,362.85,74.47,4.78,2.20,0.27,25.18
2023/08/25T21:32:44z,c4:5b:be:e3:90:e4,7.01,3.0+OPENLOG+31954 MB+RV3028+BME280+BME680+PMSX003-A+PMSX003-B,75,45,52,1007.65,0.05,36480,0,459,7.43,10.88,11.46,7.43,10.88,11.46,45,45,1276.18,381.46,91.00,3.57,1.11,0.00,6.14,9.15,10.93,6.14,9.15,10.93,38,38,1139.80,339.56,70.37,5.42,2.98,0.19,26.22
2023/08/25T21:34:44z,c4:5b:be:e3:90:e4,7.01,3.0+OPENLOG+31954 MB+RV3028+BME280+BME680+PMSX003-A+PMSX003-B,75,45,52,1007.67,0.05,36480,0,579,6.84,11.45,12.34,6.84,11.45,12.34,48,48,1273.76,381.53,90.71,5.76,1.48,0.00,5.95,8.89,9.25,5.95,8.89,9.25,37,37,1114.00,334.95,60.07,4.11,0.23,0.00,27.42
2023/08/25T21:36:44z,c4:5b:be:e3:90:e4,7.01,3.0+OPENLOG+31954 MB+RV3028+BME280+BME680+PMSX003-A+PMSX003-B,75,45,52,1007.66,0.05,36480,0,699,6.76,10.17,11.51,6.76,10.17,11.51,42,42,1229.95,371.27,78.63,5.10,2.25,0.00,6.25,9.32,10.37,6.25,9.32,10.37,39,39,1150.11,354.56,69.04,3.25,1.02,0.65,27.90
2023/08/25T21:38:44z,c4:5b:be:e3:90:e4,7.01,3.0+OPENLOG+31954 MB+RV3028+BME280+BME680+PMSX003-A+PMSX003-B,75,45,52,1007.66,0.05,36480,0,819,6.33,10.07,10.33,6.33,10.07,10.33,42,42,1201.66,354.93,67.55,4.67,0.62,0.19,5.98,8.29,8.29,5.98,8.29,8.29,35,35,1145.59,339.69,57.29,0.79,0.00,0.00,27.85
2023/08/25T21:40:44z,c4:5b:be:e3:90:e4,7.01,3.0+OPENLOG+31954 MB+RV3028+BME280+BME680+PMSX003-A+PMSX003-B,75,45,52,1007.66,0.05,36480,0,939,7.04,10.26,10.47,7.04,10.26,10.47,43,43,1200.58,367.04,70.81,4.67,0.37,0.00,6.12,9.03,9.92,6.12,9.03,9.92,38,38,1207.50,352.23,62.88,3.00,1.18,0.47,28.28
2023/08/25T21:42:44z,c4:5b:be:e3:90:e4,7.01,3.0+OPENLOG+31954 MB+RV3028+BME280+BME680+PMSX003-A+PMSX003-B,75,45,52,1007.63,0.05,36480,0,1059,6.75,10.78,11.27,6.75,10.78,11.27,45,45,1253.85,373.37,85.31,5.24,0.51,0.19,6.50,9.31,9.81,6.50,9.31,9.81,39,39,1162.34,340.86,73.59,3.14,0.59,0.38,27.59
2023/08/25T21:44:44z,c4:5b:be:e3:90:e4,7.01,3.0+OPENLOG+31954 MB+RV3028+BME280+BME680+PMSX003-A+PMSX003-B,75,45,52,1007.57,0.05,36480,0,1179,6.82,9.67,9.95,6.82,9.67,9.95,40,40,1198.65,352.10,64.78,3.42,0.62,0.23,5.71,8.96,9.66,5.71,8.96,9.66,37,37,1137.43,338.96,71.84,3.00,1.11,0.46,28.48
2023/08/25T21:46:22z,c4:5b:be:e3:90:e4,7.01,3.0+OPENLOG+31954 MB+RV3028+BME280+BME680+PMSX003-A+PMSX003-B,75,45,52,1007.60,nan,36568,0,98,6.33,10.53,11.13,6.33,10.53,11.13,44,44,1225.93,367.47,88.71,5.73,0.78,0.33,6.14,9.86,10.16,6.14,9.86,10.16,41,41,1191.07,356.37,76.65,4.72,0.30,0.30,nan
2023/08/25T21:48:22z,c4:5b:be:e3:90:e4,7.01,3.0+OPENLOG+31954 MB+RV3028+BME280+BME680+PMSX003-A+PMSX003-B,75,45,52,1007.57,0.05,36480,0,218,7.39,11.02,11.78,7.39,11.02,11.78,46,46,1309.83,387.93,78.37,5.34,1.02,0.24,6.45,10.29,10.29,6.45,10.29,10.29,43,43,1230.21,370.79,81.83,2.59,0.00,0.00,25.00
2023/08/25T21:50:22z,c4:5b:be:e3:90:e4,7.01,3.0+OPENLOG+31954 MB+RV3028+BME280+BME680+PMSX003-A+PMSX003-B,75,45,52,1007.55,0.05,35984,0,338,6.77,10.44,10.58,6.77,10.44,10.58,43,43,1225.21,364.53,74.42,3.53,0.00,0.00,6.32,9.68,11.44,6.32,9.68,11.44,40,40,1177.63,356.34,76.63,3.88,2.17,1.95,25.10
2023/08/25T21:52:22z,c4:5b:be:e3:90:e4,7.01,3.0+OPENLOG+31954 MB+RV3028+BME280+BME680+PMSX003-A+PMSX003-B,75,45,52,1007.55,0.05,36480,0,458,7.29,10.89,11.11,7.29,10.89,11.11,45,45,1308.48,386.57,67.54,4.23,0.18,0.00,6.24,9.31,10.07,6.24,9.31,10.07,39,39,1195.12,354.58,68.10,3.31,0.80,0.80,26.59
2023/08/25T21:54:22z,c4:5b:be:e3:90:e4,7.01,3.0+OPENLOG+31954 MB+RV3028+BME280+BME680+PMSX003-A+PMSX003-B,75,45,52,1007.56,0.05,36480,0,578,7.02,10.79,11.88,7.02,10.79,11.88,45,45,1325.53,393.19,84.28,4.36,1.31,0.69,6.05,9.30,9.61,6.05,9.30,9.61,39,39,1207.37,354.14,67.39,2.93,0.44,0.26,26.47
2023/08/25T21:56:22z,c4:5b:be:e3:90:e4,7.01,3.0+OPENLOG+31954 MB+RV3028+BME280+BME680+PMSX003-A+PMSX003-B,75,45,52,1007.56,0.05,36480,0,698,6.97,10.45,11.58,6.97,10.45,11.58,44,44,1253.20,373.43,76.05,4.02,1.93,0.38,6.02,8.96,9.25,6.02,8.96,9.25,37,37,1134.64,341.75,68.89,4.05,0.27,0.00,27.15
2023/08/25T21:58:22z,c4:5b:be:e3:90:e4,7.01,3.0+OPENLOG+31954 MB+RV3028+BME280+BME680+PMSX003-A+PMSX003-B,75,45,52,1007.59,0.05,36480,0,818,7.14,10.32,10.86,7.14,10.32,10.86,43,43,1269.47,370.54,74.46,3.21,0.53,0.53,5.52,9.10,9.28,5.52,9.10,9.28,38,38,1146.31,345.62,71.86,2.26,0.34,0.00,26.86
2023/08/25T22:00:22z,c4:5b:be:e3:90:e4,7.01,3.0+OPENLOG+31954 MB+RV3028+BME280+BME680+PMSX003-A+PMSX003-B,75,45,52,1007.59,0.05,36480,0,938,6.86,10.39,11.65,6.86,10.39,11.65,43,43,1259.00,378.82,80.72,4.37,1.84,0.79,6.17,8.93,9.41,6.17,8.93,9.41,37,37,1136.44,336.81,60.31,2.17,0.61,0.00,27.34
2023/08/25T22:02:22z,c4:5b:be:e3:90:e4,7.01,3.0+OPENLOG+31954 MB+RV3028+BME280+BME680+PMSX003-A+PMSX003-B,75,45,52,1007.59,0.05,36480,0,1058,6.78,10.07,10.74,6.78,10.07,10.74,42,42,1241.95,373.84,78.91,4.21,0.95,0.00,5.27,7.98,8.25,5.27,7.98,8.25,33,33,1101.36,325.15,58.68,3.08,0.42,0.19,26.87
2023/08/25T22:04:22z,c4:5b:be:e3:90:e4,7.01,3.0+OPENLOG+31954 MB+RV3028+BME280+BME680+PMSX003-A+PMSX003-B,75,45,52,1007.56,0.05,36168,0,1178,6.29,9.90,11.51,6.29,9.90,11.51,41,41,1158.92,347.76,75.00,6.73,2.85,0.37,5.37,8.49,9.05,5.37,8.49,9.05,35,35,1108.95,328.07,63.58,2.82,0.68,0.56,26.32
2023/08/25T22:06:02z,c4:5b:be:e3:90:e4,7.01,3.0+OPENLOG+31954 MB+RV3028+BME280+BME680+PMSX003-A+PMSX003-B,75,45,52,1007.53,nan,36568,0,99,6.43,9.79,10.68,6.43,9.79,10.68,41,41,1143.96,340.62,85.40,3.72,0.94,0.11,5.65,8.30,8.88,5.65,8.30,8.88,35,35,1092.14,333.40,58.23,2.26,0.77,0.77,nan
2023/08/25T22:08:02z,c4:5b:be:e3:90:e4,7.01,3.0+OPENLOG+31954 MB+RV3028+BME280+BME680+PMSX003-A+PMSX003-B,75,45,52,1007.59,0.05,36480,0,219,6.29,8.98,10.19,6.29,8.98,10.19,37,37,1137.62,343.22,67.03,3.64,1.64,0.38,6.16,8.75,9.57,6.16,8.75,9.57,36,36,1097.46,327.64,64.71,3.43,0.79,0.79,25.00
2023/08/25T22:10:02z,c4:5b:be:e3:90:e4,7.01,3.0+OPENLOG+31954 MB+RV3028+BME280+BME680+PMSX003-A+PMSX003-B,75,45,52,1007.53,0.05,36480,0,339,7.17,10.62,11.07,7.17,10.62,11.07,44,44,1286.43,382.05,79.31,3.97,0.52,0.03,5.19,7.60,8.07,5.19,7.60,8.07,32,32,1087.86,314.90,52.29,2.03,0.48,0.00,25.17
2023/08/25T22:12:02z,c4:5b:be:e3:90:e4,7.01,3.0+OPENLOG+31954 MB+RV3028+BME280+BME680+PMSX003-A+PMSX003-B,75,45,52,1007.56,0.05,36480,0,459,7.07,10.42,10.93,7.07,10.42,10.93,43,43,1257.16,373.11,79.31,3.05,0.64,0.24,5.24,8.19,9.24,5.24,8.19,9.24,34,34,1049.90,312.47,65.68,3.37,1.56,0.08,26.64
2023/08/25T22:14:02z,c4:5b:be:e3:90:e4,7.01,3.0+OPENLOG+31954 MB+RV3028+BME280+BME680+PMSX003-A+PMSX003-B,75,45,52,1007.55,0.05,36480,0,579,6.81,10.14,12.31,6.81,10.14,12.31,42,42,1250.75,374.37,77.02,5.76,3.15,0.61,5.88,9.00,9.37,5.88,9.00,9.37,38,38,1158.21,339.96,63.70,2.95,0.35,0.35,27.86
2023/08/25T22:16:02z,c4:5b:be:e3:90:e4,7.01,3.0+OPENLOG+31954 MB+RV3028+BME280+BME680+PMSX003-A+PMSX003-B,75,45,52,1007.64,0.05,36480,0,699,6.71,10.22,10.39,6.71,10.22,10.39,43,43,1244.90,363.41,75.75,3.80,0.20,0.17,6.00,8.80,9.46,6.00,8.80,9.46,37,37,1138.18,337.39,70.32,2.04,0.66,0.41,28.35
2023/08/25T22:18:02z,c4:5b:be:e3:90:e4,7.01,3.0+OPENLOG+31954 MB+RV3028+BME280+BME680+PMSX003-A+PMSX003-B,75,44,52,1007.62,0.05,36480,0,819,6.84,10.25,11.32,6.84,10.25,11.32,43,43,1247.21,372.74,77.91,4.26,1.60,0.26,5.81,8.69,9.03,5.81,8.69,9.03,36,36,1167.72,341.45,68.50,1.52,0.69,0.45,30.07
2023/08/25T22:20:02z,c4:5b:be:e3:90:e4,7.01,3.0+OPENLOG+31954 MB+RV3028+BME280+BME680+PMSX003-A+PMSX003-B,75,44,52,1007.60,0.05,36480,0,939,7.26,10.12,11.21,7.26,10.12,11.21,42,42,1257.68,375.88,73.39,4.21,1.72,0.81,5.98,9.03,9.41,5.98,9.03,9.41,38,38,1115.90,332.20,71.29,2.51,0.44,0.00,30.82
2023/08/25T22:22:02z,c4:5b:be:e3:90:e4,7.01,3.0+OPENLOG+31954 MB+RV3028+BME280+BME680+PMSX003-A+PMSX003-B,75,44,52,1007.63,0.05,36480,0,1059,7.08,10.27,10.76,7.08,10.27,10.76,43,43,1263.76,374.46,71.92,3.97,0.68,0.00,6.12,8.67,9.53,6.12,8.67,9.53,36,36,1128.21,329.90,62.41,2.55,0.90,0.69,31.84
2023/08/25T22:24:02z,c4:5b:be:e3:90:e4,7.01,3.0+OPENLOG+31954 MB+RV3028+BME280+BME680+PMSX003-A+PMSX003-B,75,44,52,1007.62,0.05,36480,0,1179,6.92,10.05,10.33,6.92,10.05,10.33,42,42,1264.45,380.32,74.62,2.27,0.37,0.00,5.93,8.64,8.77,5.93,8.64,8.77,36,36,1091.46,325.43,58.57,2.39,0.32,0.00,32.92
2023/08/25T22:25:41z,c4:5b:be:e3:90:e4,7.01,3.0+OPENLOG+31954 MB+RV3028+BME280+BME680+PMSX003-A+PMSX003-B,75,44,52,1007.68,nan,36568,0,98,7.13,10.69,11.29,7.13,10.69,11.29,45,45,1261.40,377.11,84.00,4.56,0.64,0.11,6.61,8.82,10.16,6.61,8.82,10.16,37,37,1213.36,364.27,66.95,3.36,1.59,0.73,nan
2023/08/25T22:27:41z,c4:5b:be:e3:90:e4,7.01,3.0+OPENLOG+31954 MB+RV3028+BME280+BME680+PMSX003-A+PMSX003-B,75,45,52,1007.71,0.05,36480,0,218,7.32,11.03,12.15,7.32,11.03,12.15,46,46,1273.93,380.20,84.78,5.56,1.76,0.37,6.16,8.73,9.71,6.16,8.73,9.71,36,36,1138.07,338.57,60.14,2.70,1.61,0.59,25.00
2023/08/25T22:29:41z,c4:5b:be:e3:90:e4,7.01,3.0+OPENLOG+31954 MB+RV3028+BME280+BME680+PMSX003-A+PMSX003-B,75,45,52,1007.69,0.05,36480,0,338,6.82,9.51,10.26,6.82,9.51,10.26,40,40,1179.37,352.61,73.89,2.14,1.18,0.00,5.60,8.34,9.24,5.60,8.34,9.24,35,35,1141.86,339.31,57.16,3.76,1.16,0.19,25.19
2023/08/25T22:31:41z,c4:5b:be:e3:90:e4,7.01,3.0+OPENLOG+31954 MB+RV3028+BME280+BME680+PMSX003-A+PMSX003-B,75,45,52,1007.71,0.05,36480,0,458,7.02,10.68,11.95,7.02,10.68,11.95,44,44,1260.27,372.32,85.41,5.98,2.25,0.23,5.59,8.76,9.10,5.59,8.76,9.10,37,37,1111.53,327.73,70.58,2.22,0.41,0.00,26.25
2023/08/25T22:33:40z,c4:5b:be:e3:90:e4,7.01,3.0+OPENLOG+31954 MB+RV3028+BME280+BME680+PMSX003-A+PMSX003-B,74,44,51,1006.82,0.05,36480,0,578,6.52,9.71,10.69,6.52,9.71,10.69,40,40,1214.33,361.29,73.59,4.45,1.33,0.66,6.07,8.53,8.60,6.07,8.53,8.60,36,36,1156.00,343.61,60.70,1.95,0.05,0.05,26.19
2023/08/25T22:35:40z,c4:5b:be:e3:90:e4,7.01,3.0+OPENLOG+31954 MB+RV3028+BME280+BME680+PMSX003-A+PMSX003-B,75,44,52,1007.64,0.05,36480,0,698,6.83,9.85,10.37,6.83,9.85,10.37,41,41,1217.69,363.37,70.71,3.24,0.63,0.00,5.95,9.09,9.66,5.95,9.09,9.66,38,38,1121.68,332.96,64.68,4.61,0.80,0.14,26.19
2023/08/25T22:37:40z,c4:5b:be:e3:90:e4,7.01,3.0+OPENLOG+31954 MB+RV3028+BME280+BME680+PMSX003-A+PMSX003-B,75,44,52,1007.60,0.05,36480,0,818,6.83,11.71,13.14,6.83,11.71,13.14,49,49,1295.74,384.26,92.83,8.66,2.64,0.00,5.74,8.97,9.31,5.74,8.97,9.31,37,37,1110.00,328.59,65.03,1.86,0.33,0.00,27.11
2023/08/25T22:39:40z,c4:5b:be:e3:90:e4,7.01,3.0+OPENLOG+31954 MB+RV3028+BME280+BME680+PMSX003-A+PMSX003-B,75,44,51,1007.61,0.05,36480,0,938,7.13,11.15,12.31,7.13,11.15,12.31,46,46,1260.98,377.71,84.71,6.75,1.87,0.18,6.20,9.39,9.90,6.20,9.39,9.90,39,39,1154.03,337.05,68.02,3.63,0.95,0.00,26.99
2023/08/25T22:41:40z,c4:5b:be:e3:90:e4,7.01,3.0+OPENLOG+31954 MB+RV3028+BME280+BME680+PMSX003-A+PMSX003-B,75,44,52,1007.64,0.05,36480,0,1058,7.71,11.53,12.69,7.71,11.53,12.69,48,48,1355.02,403.72,90.79,3.95,1.86,0.48,6.66,9.66,10.26,6.66,9.66,10.26,40,40,1211.48,364.10,73.98,1.19,0.91,0.22,27.33
2023/08/25T22:43:40z,c4:5b:be:e3:90:e4,7.01,3.0+OPENLOG+31954 MB+RV3028+BME280+BME680+PMSX003-A+PMSX003-B,75,44,51,1007.61,0.05,36480,0,1178,7.61,11.44,12.95,7.61,11.44,12.95,48,48,1368.36,407.41,83.03,6.75,2.36,0.39,6.18,9.54,9.93,6.18,9.54,9.93,40,40,1158.75,345.57,76.18,1.27,0.59,0.32,26.22
2023/08/25T22:45:20z,c4:5b:be:e3:90:e4,7.01,3.0+OPENLOG+31954 MB+RV3028+BME280+BME680+PMSX003-A+PMSX003-B,75,44,51,1007.61,nan,36568,0,99,6.65,10.70,11.57,6.65,10.70,11.57,45,45,1250.28,373.54,83.30,4.20,1.83,0.22,5.86,9.49,9.81,5.86,9.49,9.81,40,40,1122.00,331.95,64.65,3.95,0.47,0.28,nan
2023/08/25T22:47:20z,c4:5b:be:e3:90:e4,7.01,3.0+OPENLOG+31954 MB+RV3028+BME280+BME680+PMSX003-A+PMSX003-B,75,44,51,1007.58,0.05,36480,0,219,7.76,11.61,13.42,7.76,11.61,13.42,48,48,1365.41,407.29,92.22,6.25,2.80,0.24,6.60,9.84,10.49,6.60,9.84,10.49,41,41,1201.58,360.60,64.53,3.72,0.75,0.23,25.00
2023/08/25T22:49:20z,c4:5b:be:e3:90:e4,7.01,3.0+OPENLOG+31954 MB+RV3028+BME280+BME680+PMSX003-A+PMSX003-B,75,44,51,1007.56,0.05,36480,0,339,7.25,10.68,12.28,7.25,10.68,12.28,45,45,1297.47,390.32,79.60,6.42,2.46,0.07,6.22,9.29,9.79,6.22,9.29,9.79,39,39,1194.10,355.97,68.62,2.47,0.57,0.16,25.08
2023/08/25T22:51:20z,c4:5b:be:e3:90:e4,7.01,3.0+OPENLOG+31954 MB+RV3028+BME280+BME680+PMSX003-A+PMSX003-B,75,44,51,1007.60,0.05,36480,0,459,7.68,10.62,11.32,7.68,10.62,11.32,44,44,1307.73,390.23,70.57,3.79,1.20,0.70,6.15,8.97,9.51,6.15,8.97,9.51,37,37,1167.36,338.81,64.17,2.49,0.80,0.00,26.02
2023/08/25T22:53:20z,c4:5b:be:e3:90:e4,7.01,3.0+OPENLOG+31954 MB+RV3028+BME280+BME680+PMSX003-A+PMSX003-B,75,44,51,1007.59,0.05,36480,0,579,6.60,10.24,11.10,6.60,10.24,11.10,43,43,1203.67,359.48,85.88,3.78,1.47,0.17,6.21,9.40,10.05,6.21,9.40,10.05,39,39,1159.68,346.84,70.25,3.00,0.81,0.49,25.72
2023/08/25T22:55:20z,c4:5b:be:e3:90:e4,7.01,3.0+OPENLOG+31954 MB+RV3028+BME280+BME680+PMSX003-A+PMSX003-B,75,44,51,1007.53,0.05,36480,0,699,7.75,11.27,12.75,7.75,11.27,12.75,47,47,1346.59,399.53,83.56,4.76,2.44,0.20,6.65,10.19,11.42,6.65,10.19,11.42,42,42,1227.37,362.18,80.07,3.56,1.68,0.37,26.52
2023/08/25T22:57:20z,c4:5b:be:e3:90:e4,7.01,3.0+OPENLOG+31954 MB+RV3028+BME280+BME680+PMSX003-A+PMSX003-B,75,44,51,1007.59,0.05,36480,0,819,7.64,11.10,12.10,7.64,11.10,12.10,46,46,1305.62,389.90,86.52,4.17,1.71,0.43,6.22,9.69,10.24,6.22,9.69,10.24,40,40,1176.71,342.64,70.75,4.44,0.63,0.00,26.57
2023/08/25T22:59:20z,c4:5b:be:e3:90:e4,7.01,3.0+OPENLOG+31954 MB+RV3028+BME280+BME680+PMSX003-A+PMSX003-B,75,44,51,1007.61,0.05,36480,0,939,6.73,10.12,11.34,6.73,10.12,11.34,42,42,1294.02,378.43,76.93,5.52,1.86,0.39,6.14,9.59,9.97,6.14,9.59,9.97,40,40,1168.37,348.27,72.68,1.42,0.61,0.00,25.87
2023/08/25T23:01:20z,c4:5b:be:e3:90:e4,7.01,3.0+OPENLOG+31954 MB+RV3028+BME280+BME680+PMSX003-A+PMSX003-B,75,44,51,1007.61,0.05,36480,0,1059,7.09,10.79,11.46,7.09,10.79,11.46,45,45,1281.68,380.89,82.46,4.46,0.86,0.00,6.43,9.64,10.69,6.43,9.64,10.69,40,40,1213.66,361.90,74.09,4.10,1.55,0.16,26.17
2023/08/25T23:03:20z,c4:5b:be:e3:90:e4,7.01,3.0+OPENLOG+31954 MB+RV3028+BME280+BME680+PMSX003-A+PMSX003-B,75,44,52,1007.64,0.05,36480,0,1179,7.15,10.90,11.51,7.15,10.90,11.51,45,45,1270.47,383.88,79.46,4.46,1.02,0.76,5.61,8.77,9.50,5.61,8.77,9.50,37,37,1126.18,330.14,65.84,2.50,0.80,0.45,26.62
2023/08/25T23:04:59z,c4:5b:be:e3:90:e4,7.01,3.0+OPENLOG+31954 MB+RV3028+BME280+BME680+PMSX003-A+PMSX003-B,75,44,52,1007.64,nan,36568,0,99,7.07,10.02,10.31,7.07,10.02,10.31,42,42,1249.40,367.09,71.87,2.64,0.31,0.07,6.14,9.47,11.00,6.14,9.47,11.00,39,39,1147.95,336.79,71.40,5.98,1.72,1.23,nan
2023/08/25T23:06:59z,c4:5b:be:e3:90:e4,7.01,3.0+OPENLOG+31954 MB+RV3028+BME280+BME680+PMSX003-A+PMSX003-B,75,44,52,1007.67,0.05,36480,0,219,7.14,10.22,10.93,7.14,10.22,10.93,43,43,1269.51,374.88,74.05,3.24,1.27,0.00,5.95,8.82,9.59,5.95,8.82,9.59,37,37,1141.07,335.93,64.50,3.55,1.02,0.20,25.00
2023/08/25T23:08:59z,c4:5b:be:e3:90:e4,7.01,3.0+OPENLOG+31954 MB+RV3028+BME280+BME680+PMSX003-A+PMSX003-B,75,44,52,1007.62,0.05,36480,0,339,6.81,10.32,10.80,6.81,10.32,10.80,43,43,1230.20,371.36,73.03,3.05,0.83,0.00,5.88,7.86,8.48,5.88,7.86,8.48,33,33,1076.17,318.45,55.76,1.50,0.45,0.21,25.06
2023/08/25T23:10:59z,c4:5b:be:e3:90:e4,7.01,3.0+OPENLOG+31954 MB+RV3028+BME280+BME680+PMSX003-A+PMSX003-B,75,44,52,1007.62,0.05,36480,0,459,6.62,11.59,12.30,6.62,11.59,12.30,48,48,1223.09,365.00,86.93,8.80,0.77,0.21,5.43,8.75,9.58,5.43,8.75,9.58,36,36,1100.60,319.83,69.48,4.68,1.27,0.70,26.95
2023/08/25T23:12:59z,c4:5b:be:e3:90:e4,7.01,3.0+OPENLOG+31954 MB+RV3028+BME280+BME680+PMSX003-A+PMSX003-B,75,45,52,1007.57,0.05,36480,0,579,6.17,8.69,9.92,6.17,8.69,9.92,36,36,1094.39,327.08,65.51,3.73,1.66,0.41,5.95,8.44,9.04,5.95,8.44,9.04,35,35,1080.95,320.67,65.11,2.82,0.70,0.00,27.62
2023/08/25T23:14:59z,c4:5b:be:e3:90:e4,7.01,3.0+OPENLOG+31954 MB+RV3028+BME280+BME680+PMSX003-A+PMSX003-B,75,44,52,1007.59,0.05,36480,0,699,6.43,9.24,10.91,6.43,9.24,10.91,39,39,1147.03,344.24,64.36,4.98,2.71,0.41,5.33,7.16,7.43,5.33,7.16,7.43,30,30,973.55,284.83,52.14,1.55,0.50,0.24,26.44
2023/08/25T23:16:59z,c4:5b:be:e3:90:e4,7.01,3.0+OPENLOG+31954 MB+RV3028+BME280+BME680+PMSX003-A+PMSX003-B,75,44,52,1007.70,0.05,36480,0,819,5.70,8.05,8.30,5.70,8.05,8.30,34,34,1018.16,303.82,54.14,2.16,0.54,0.00,5.14,7.31,8.03,5.14,7.31,8.03,30,30,977.28,285.21,54.62,3.34,1.09,0.41,26.06
2023/08/25T23:18:59z,c4:5b:be:e3:90:e4,7.01,3.0+OPENLOG+31954 MB+RV3028+BME280+BME680+PMSX003-A+PMSX003-B,75,44,51,1007.60,0.05,36480,0,939,5.39,7.60,7.81,5.39,7.60,7.81,32,32,1035.16,307.75,50.53,2.82,0.30,0.00,4.85,7.25,7.75,4.85,7.25,7.75,30,30,973.02,290.24,55.97,2.19,0.54,0.19,26.88
2023/08/25T23:20:59z,c4:5b:be:e3:90:e4,7.01,3.0+OPENLOG+31954 MB+RV3028+BME280+BME680+PMSX003-A+PMSX003-B,75,44,51,1007.68,0.05,36480,0,1059,5.22,7.83,8.16,5.22,7.83,8.16,33,33,971.02,287.09,54.48,3.12,0.40,0.21,5.34,8.24,8.78,5.34,8.24,8.78,34,34,957.46,297.39,63.29,3.22,1.19,0.00,29.00
2023/08/25T23:22:59z,c4:5b:be:e3:90:e4,7.01,3.0+OPENLOG+31954 MB+RV3028+BME280+BME680+PMSX003-A+PMSX003-B,75,44,51,1007.62,0.05,36480,0,1179,5.15,7.98,8.12,5.15,7.98,8.12,33,33,964.93,291.58,60.56,2.39,0.17,0.17,4.95,7.34,7.77,4.95,7.34,7.77,31,31,926.79,275.18,57.64,3.36,0.18,0.00,29.90
2023/08/25T23:24:38z,c4:5b:be:e3:90:e4,7.01,3.0+OPENLOG+31954 MB+RV3028+BME280+BME680+PMSX003-A+PMSX003-B,75,44,51,1007.65,nan,36568,0,99,4.80,7.76,8.09,4.80,7.76,8.09,32,32,920.93,273.28,62.67,3.04,0.59,0.00,5.33,7.86,8.12,5.33,7.86,8.12,33,33,1013.30,299.91,50.37,2.16,0.35,0.00,nan
2023/08/25T23:26:38z,c4:5b:be:e3:90:e4,7.01,3.0+OPENLOG+31954 MB+RV3028+BME280+BME680+PMSX003-A+PMSX003-B,75,44,51,1007.65,0.05,36480,0,219,5.67,7.65,8.15,5.67,7.65,8.15,32,32,1037.60,316.47,52.90,2.48,0.73,0.17,3.96,7.02,7.95,3.96,7.02,7.95,29,29,858.53,255.09,58.33,4.26,1.40,1.02,25.00
2023/08/25T23:28:38z,c4:5b:be:e3:90:e4,7.01,3.0+OPENLOG+31954 MB+RV3028+BME280+BME680+PMSX003-A+PMSX003-B,75,44,51,1007.68,0.05,36480,0,339,5.29,7.60,7.78,5.29,7.60,7.78,32,32,987.52,294.98,54.59,1.26,0.21,0.21,4.28,6.97,7.22,4.28,6.97,7.22,29,29,921.10,269.33,51.20,1.92,0.33,0.17,25.11
2023/08/25T23:30:38z,c4:5b:be:e3:90:e4,7.01,3.0+OPENLOG+31954 MB+RV3028+BME280+BME680+PMSX003-A+PMSX003-B,75,44,51,1007.64,0.05,36480,0,459,5.38,8.22,8.62,5.38,8.22,8.62,34,34,1034.07,311.84,65.24,2.64,0.69,0.02,4.93,6.61,7.17,4.93,6.61,7.17,28,28,898.27,266.75,48.97,1.39,0.97,0.25,26.18
2023/08/25T23:32:38z,c4:5b:be:e3:90:e4,7.01,3.0+OPENLOG+31954 MB+RV3028+BME280+BME680+PMSX003-A+PMSX003-B,75,44,51,1007.68,0.05,36480,0,579,5.12,7.47,9.07,5.12,7.47,9.07,31,31,989.79,300.36,57.93,5.07,2.38,0.79,4.50,6.78,7.57,4.50,6.78,7.57,28,28,850.14,257.03,49.14,3.09,1.12,0.34,26.78
2023/08/25T23:34:38z,c4:5b:be:e3:90:e4,7.01,3.0+OPENLOG+31954 MB+RV3028+BME280+BME680+PMSX003-A+PMSX003-B,75,44,51,1007.66,0.05,36480,0,699,4.49,6.92,7.73,4.49,6.92,7.73,29,29,939.86,276.56,53.73,2.24,1.27,0.29,4.55,6.66,7.41,4.55,6.66,7.41,28,28,904.34,270.76,50.52,3.48,0.74,0.29,27.89
2023/08/25T23:36:38z,c4:5b:be:e3:90:e4,7.01,3.0+OPENLOG+31954 MB+RV3028+BME280+BME680+PMSX003-A+PMSX003-B,75,44,51,1007.66,0.05,36480,0,819,4.75,7.70,8.51,4.75,7.70,8.51,32,32,968.05,283.49,61.51,5.04,1.19,0.46,4.16,6.26,7.38,4.16,6.26,7.38,26,26,889.45,261.31,47.24,4.40,1.71,0.17,28.07
2023/08/25T23:38:38z,c4:5b:be:e3:90:e4,7.01,3.0+OPENLOG+31954 MB+RV3028+BME280+BME680+PMSX003-A+PMSX003-B,75,44,51,1007.70,0.05,36480,0,939,4.18,6.46,7.09,4.18,6.46,7.09,27,27,937.29,271.88,52.61,2.48,0.95,0.18,4.68,6.64,6.83,4.68,6.64,6.83,28,28,921.05,272.24,48.66,1.56,0.17,0.17,29.11
2023/08/25T23:40:38z,c4:5b:be:e3:90:e4,7.01,3.0+OPENLOG+31954 MB+RV3028+BME280+BME680+PMSX003-A+PMSX003-B,75,44,51,1007.72,0.05,36480,0,1059,4.58,7.19,7.41,4.58,7.19,7.41,30,30,984.56,295.98,57.07,2.73,0.46,0.00,4.75,6.54,6.93,4.75,6.54,6.93,27,27,884.95,262.20,43.12,1.31,0.47,0.24,29.25
2023/08/25T23:42:38z,c4:5b:be:e3:90:e4,7.01,3.0+OPENLOG+31954 MB+RV3028+BME280+BME680+PMSX003-A+PMSX003-B,75,44,51,1007.74,0.05,36480,0,1179,4.93,7.43,7.80,4.93,7.43,7.80,31,31,992.80,295.15,58.65,2.93,0.73,0.25,4.86,6.42,7.04,4.86,6.42,7.04,27,27,889.26,268.14,47.63,1.30,0.67,0.56,29.59
2023/08/25T23:44:18z,c4:5b:be:e3:90:e4,7.01,3.0+OPENLOG+31954 MB+RV3028+BME280+BME680+PMSX003-A+PMSX003-B,75,44,51,1007.68,nan,36568,0,99,4.04,6.80,7.57,4.04,6.80,7.57,28,28,881.67,264.43,51.22,4.72,1.24,0.30,3.58,5.47,5.98,3.58,5.47,5.98,23,23,836.79,243.95,38.93,1.30,0.35,0.33,nan
2023/08/25T23:46:18z,c4:5b:be:e3:90:e4,7.01,3.0+OPENLOG+31954 MB+RV3028+BME280+BME680+PMSX003-A+PMSX003-B,75,44,51,1007.65,0.05,36480,0,219,4.31,7.29,7.88,4.31,7.29,7.88,30,30,923.03,269.97,54.17,4.07,0.76,0.59,4.36,6.28,6.66,4.36,6.28,6.66,26,26,871.34,257.93,48.38,0.97,0.48,0.48,25.00
2023/08/25T23:48:18z,c4:5b:be:e3:90:e4,7.01,3.0+OPENLOG+31954 MB+RV3028+BME280+BME680+PMSX003-A+PMSX003-B,75,44,51,1007.64,0.05,36480,0,339,5.30,7.54,8.46,5.30,7.54,8.46,31,31,958.05,282.72,57.65,3.02,1.23,1.04,4.36,6.57,6.91,4.36,6.57,6.91,27,27,860.28,252.66,50.52,1.59,0.52,0.09,25.20
2023/08/25T23:50:17z,c4:5b:be:e3:90:e4,7.01,3.0+OPENLOG+31954 MB+RV3028+BME280+BME680+PMSX003-A+PMSX003-B,75,44,51,1007.68,0.05,36480,0,458,4.65,7.40,8.07,4.65,7.40,8.07,31,31,949.91,289.56,54.76,3.44,1.22,0.18,4.31,6.86,7.24,4.31,6.86,7.24,29,29,880.68,259.66,54.56,2.05,0.34,0.17,25.84
2023/08/25T23:52:17z,c4:5b:be:e3:90:e4,7.01,3.0+OPENLOG+31954 MB+RV3028+BME280+BME680+PMSX003-A+PMSX003-B,75,44,51,1007.72,0.05,36480,0,578,4.90,7.53,8.54,4.90,7.53,8.54,31,31,944.34,276.49,60.85,5.61,1.80,0.24,3.98,6.82,7.72,3.98,6.82,7.72,28,28,893.68,258.28,50.09,3.32,1.16,0.63,26.78
2023/08/25T23:54:17z,c4:5b:be:e3:90:e4,7.01,3.0+OPENLOG+31954 MB+RV3028+BME280+BME680+PMSX003-A+PMSX003-B,75,44,51,1007.73,0.05,36480,0,698,4.80,7.29,7.83,4.80,7.29,7.83,30,30,954.15,274.27,58.59,2.34,1.02,0.00,4.05,6.39,6.43,4.05,6.39,6.43,27,27,857.25,251.21,47.55,1.46,0.00,0.00,27.18
2023/08/25T23:56:17z,c4:5b:be:e3:90:e4,7.01,3.0+OPENLOG+31954 MB+RV3028+BME280+BME680+PMSX003-A+PMSX003-B,75,44,51,1007.76,0.05,36480,0,818,5.14,7.97,8.90,5.14,7.97,8.90,33,33,973.71,289.19,66.17,4.59,1.41,0.21,4.69,7.46,7.97,4.69,7.46,7.97,31,31,915.56,277.73,48.46,2.92,0.66,0.00,27.21
2023/08/25T23:58:17z,c4:5b:be:e3:90:e4,7.01,3.0+OPENLOG+31954 MB+RV3028+BME280+BME680+PMSX003-A+PMSX003-B,75,44,51,1007.73,0.05,36480,0,938,4.61,7.30,7.44,4.61,7.30,7.44,30,30,943.63,279.30,59.39,1.88,0.26,0.25,4.62,7.08,7.30,4.62,7.08,7.30,30,30,907.20,270.60,48.52,2.28,0.22,0.00,27.47